base_reference,collection,name,references,card_file
m52506,1908,,m52506-0003,rolex_images/cards/1908/m52506.png
m52508,1908,,m52508-0002;m52508-0005;m52508-0006;m52508-0007;m52508-0008,rolex_images/cards/1908/m52508.png
m52509,1908,,m52509-0002;m52509-0005,rolex_images/cards/1908/m52509.png
m126900,air-king,,m126900-0001,rolex_images/cards/air-king/m126900.png
m126500ln,cosmograph-daytona,,m126500ln-0001;m126500ln-0002,rolex_images/cards/cosmograph-daytona/m126500ln.png
m126503,cosmograph-daytona,,m126503-0001;m126503-0002;m126503-0003;m126503-0004,rolex_images/cards/cosmograph-daytona/m126503.png
m126505,cosmograph-daytona,,m126505-0001;m126505-0002;m126505-0003;m126505-0005,rolex_images/cards/cosmograph-daytona/m126505.png
m126506,cosmograph-daytona,,m126506-0001;m126506-0002,rolex_images/cards/cosmograph-daytona/m126506.png
m126508,cosmograph-daytona,,m126508-0001;m126508-0002;m126508-0003;m126508-0004;m126508-0005;m126508-0006;m126508-0008,rolex_images/cards/cosmograph-daytona/m126508.png
m126509,cosmograph-daytona,,m126509-0001;m126509-0002;m126509-0003;m126509-0005,rolex_images/cards/cosmograph-daytona/m126509.png
m126515ln,cosmograph-daytona,,m126515ln-0002;m126515ln-0004;m126515ln-0006;m126515ln-0008;m126515ln-0010,rolex_images/cards/cosmograph-daytona/m126515ln.png
m126518ln,cosmograph-daytona,,m126518ln-0002;m126518ln-0004;m126518ln-0006;m126518ln-0008;m126518ln-0010;m126518ln-0012;m126518ln-0014;m126518ln-0016,rolex_images/cards/cosmograph-daytona/m126518ln.png
m126519ln,cosmograph-daytona,,m126519ln-0002;m126519ln-0004;m126519ln-0006;m126519ln-0007,rolex_images/cards/cosmograph-daytona/m126519ln.png
m126535tbr,cosmograph-daytona,,m126535tbr-0002,rolex_images/cards/cosmograph-daytona/m126535tbr.png
m126538tbr,cosmograph-daytona,,m126538tbr-0004,rolex_images/cards/cosmograph-daytona/m126538tbr.png
m126539tbr,cosmograph-daytona,,m126539tbr-0002,rolex_images/cards/cosmograph-daytona/m126539tbr.png
m126579rbr,cosmograph-daytona,,m126579rbr-0001,rolex_images/cards/cosmograph-daytona/m126579rbr.png
m126589rbr,cosmograph-daytona,,m126589rbr-0001,rolex_images/cards/cosmograph-daytona/m126589rbr.png
m126595tbr,cosmograph-daytona,,m126595tbr-0001,rolex_images/cards/cosmograph-daytona/m126595tbr.png
m126598tbr,cosmograph-daytona,,m126598tbr-0001,rolex_images/cards/cosmograph-daytona/m126598tbr.png
m126200,datejust,,m126200-0001;m126200-0002;m126200-0003;m126200-0004;m126200-0005;m126200-0006;m126200-0017;m126200-0018;m126200-0023;m126200-0024;m126200-0025;m126200-0026;m126200-0027;m126200-0028;m126200-0029;m126200-0030,rolex_images/cards/datejust/m126200.png
m126201,datejust,,m126201-0013;m126201-0014;m126201-0017;m126201-0018;m126201-0019;m126201-0020;m126201-0021;m126201-0022;m126201-0029;m126201-0030;m126201-0043;m126201-0044;m126201-0045;m126201-0046;m126201-0047;m126201-0048;m126201-0049;m126201-0050;m126201-0051;m126201-0052;m126201-0053;m126201-0054,rolex_images/cards/datejust/m126201.png
m126203,datejust,,m126203-0015;m126203-0016;m126203-0017;m126203-0018;m126203-0019;m126203-0020;m126203-0021;m126203-0022;m126203-0023;m126203-0024;m126203-0035;m126203-0036;m126203-0047;m126203-0048;m126203-0049;m126203-0050;m126203-0051;m126203-0052;m126203-0053;m126203-0054;m126203-0055;m126203-0056;m126203-0057;m126203-0058,rolex_images/cards/datejust/m126203.png
m126231,datejust,,m126231-0013;m126231-0014;m126231-0017;m126231-0018;m126231-0019;m126231-0020;m126231-0021;m126231-0022;m126231-0029;m126231-0030;m126231-0043;m126231-0044;m126231-0045;m126231-0046;m126231-0047;m126231-0048;m126231-0049;m126231-0050;m126231-0051;m126231-0052;m126231-0053;m126231-0054,rolex_images/cards/datejust/m126231.png
m126233,datejust,,m126233-0015;m126233-0016;m126233-0017;m126233-0018;m126233-0019;m126233-0020;m126233-0021;m126233-0022;m126233-0023;m126233-0024;m126233-0035;m126233-0036;m126233-0047;m126233-0048;m126233-0049;m126233-0050;m126233-0051;m126233-0052;m126233-0053;m126233-0054;m126233-0055;m126233-0056;m126233-0057;m126233-0058,rolex_images/cards/datejust/m126233.png
m126234,datejust,,m126234-0013;m126234-0014;m126234-0015;m126234-0016;m126234-0017;m126234-0018;m126234-0019;m126234-0020;m126234-0027;m126234-0028;m126234-0037;m126234-0038;m126234-0045;m126234-0046;m126234-0051;m126234-0052;m126234-0059;m126234-0060;m126234-0061;m126234-0062;m126234-0063;m126234-0064;m126234-0065;m126234-0066;m126234-0067;m126234-0068;m126234-0069;m126234-0070;m126234-0071;m126234-0072,rolex_images/cards/datejust/m126234.png
m126281rbr,datejust,,m126281rbr-0001;m126281rbr-0002;m126281rbr-0005;m126281rbr-0006;m126281rbr-0007;m126281rbr-0008;m126281rbr-0009;m126281rbr-0010;m126281rbr-0017;m126281rbr-0018;m126281rbr-0031;m126281rbr-0032;m126281rbr-0033;m126281rbr-0034;m126281rbr-0035;m126281rbr-0036;m126281rbr-0037;m126281rbr-0038;m126281rbr-0039;m126281rbr-0040;m126281rbr-0041;m126281rbr-0042,rolex_images/cards/datejust/m126281rbr.png
m126283rbr,datejust,,m126283rbr-0001;m126283rbr-0002;m126283rbr-0003;m126283rbr-0004;m126283rbr-0005;m126283rbr-0006;m126283rbr-0007;m126283rbr-0008;m126283rbr-0009;m126283rbr-0010;m126283rbr-0021;m126283rbr-0022;m126283rbr-0033;m126283rbr-0034;m126283rbr-0035;m126283rbr-0036;m126283rbr-0037;m126283rbr-0038;m126283rbr-0039;m126283rbr-0040;m126283rbr-0041;m126283rbr-0042;m126283rbr-0043;m126283rbr-0044,rolex_images/cards/datejust/m126283rbr.png
m126284rbr,datejust,,m126284rbr-0005;m126284rbr-0006;m126284rbr-0007;m126284rbr-0008;m126284rbr-0009;m126284rbr-0010;m126284rbr-0011;m126284rbr-0012;m126284rbr-0019;m126284rbr-0020;m126284rbr-0029;m126284rbr-0030;m126284rbr-0037;m126284rbr-0038;m126284rbr-0043;m126284rbr-0044;m126284rbr-0051;m126284rbr-0052;m126284rbr-0053;m126284rbr-0054;m126284rbr-0055;m126284rbr-0056;m126284rbr-0057;m126284rbr-0058;m126284rbr-0059;m126284rbr-0060;m126284rbr-0061;m126284rbr-0062;m126284rbr-0063;m126284rbr-0064,rolex_images/cards/datejust/m126284rbr.png
m126300,datejust,,m126300-0001;m126300-0002;m126300-0003;m126300-0004;m126300-0005;m126300-0006;m126300-0007;m126300-0008;m126300-0011;m126300-0012;m126300-0013;m126300-0014;m126300-0019;m126300-0020;m126300-0025;m126300-0026;m126300-0027;m126300-0028;m126300-0029;m126300-0030,rolex_images/cards/datejust/m126300.png
m126301,datejust,,m126301-0001;m126301-0002;m126301-0003;m126301-0004;m126301-0007;m126301-0008;m126301-0009;m126301-0010;m126301-0015;m126301-0016;m126301-0021;m126301-0022;m126301-0023;m126301-0024;m126301-0025;m126301-0026,rolex_images/cards/datejust/m126301.png
m126303,datejust,,m126303-0001;m126303-0002;m126303-0005;m126303-0006;m126303-0009;m126303-0010;m126303-0011;m126303-0012;m126303-0013;m126303-0014;m126303-0015;m126303-0016;m126303-0019;m126303-0020;m126303-0023;m126303-0024;m126303-0025;m126303-0026,rolex_images/cards/datejust/m126303.png
m126331,datejust,,m126331-0001;m126331-0002;m126331-0003;m126331-0004;m126331-0007;m126331-0008;m126331-0009;m126331-0010;m126331-0015;m126331-0016;m126331-0021;m126331-0022;m126331-0023;m126331-0024;m126331-0025;m126331-0026,rolex_images/cards/datejust/m126331.png
m126333,datejust,,m126333-0001;m126333-0002;m126333-0005;m126333-0006;m126333-0009;m126333-0010;m126333-0011;m126333-0012;m126333-0013;m126333-0014;m126333-0015;m126333-0016;m126333-0019;m126333-0020;m126333-0023;m126333-0024;m126333-0025;m126333-0026,rolex_images/cards/datejust/m126333.png
m126334,datejust,,m126334-0001;m126334-0002;m126334-0003;m126334-0004;m126334-0005;m126334-0006;m126334-0009;m126334-0010;m126334-0011;m126334-0012;m126334-0013;m126334-0014;m126334-0015;m126334-0016;m126334-0017;m126334-0018;m126334-0021;m126334-0022;m126334-0027;m126334-0028;m126334-0033;m126334-0034;m126334-0035;m126334-0036;m126334-0037;m126334-0038,rolex_images/cards/datejust/m126334.png
m278240,datejust,,m278240-0001;m278240-0002;m278240-0003;m278240-0004;m278240-0005;m278240-0006;m278240-0007;m278240-0008;m278240-0009;m278240-0010;m278240-0011;m278240-0012;m278240-0013;m278240-0014;m278240-0015;m278240-0016;m278240-0017;m278240-0018,rolex_images/cards/datejust/m278240.png
m278241,datejust,,m278241-0001;m278241-0002;m278241-0003;m278241-0004;m278241-0005;m278241-0006;m278241-0009;m278241-0010;m278241-0015;m278241-0016;m278241-0017;m278241-0018;m278241-0019;m278241-0020;m278241-0023;m278241-0024;m278241-0025;m278241-0026;m278241-0027;m278241-0028;m278241-0029;m278241-0030,rolex_images/cards/datejust/m278241.png
m278243,datejust,,m278243-0001;m278243-0002;m278243-0003;m278243-0004;m278243-0013;m278243-0014;m278243-0015;m278243-0016;m278243-0017;m278243-0018;m278243-0019;m278243-0020;m278243-0021;m278243-0022;m278243-0023;m278243-0024;m278243-0025;m278243-0026;m278243-0027;m278243-0028;m278243-0029;m278243-0030,rolex_images/cards/datejust/m278243.png
m278271,datejust,,m278271-0001;m278271-0002;m278271-0003;m278271-0004;m278271-0005;m278271-0006;m278271-0009;m278271-0010;m278271-0015;m278271-0016;m278271-0017;m278271-0018;m278271-0019;m278271-0020;m278271-0023;m278271-0024;m278271-0025;m278271-0026;m278271-0027;m278271-0028;m278271-0029;m278271-0030,rolex_images/cards/datejust/m278271.png
m278273,datejust,,m278273-0001;m278273-0002;m278273-0003;m278273-0004;m278273-0013;m278273-0014;m278273-0015;m278273-0016;m278273-0017;m278273-0018;m278273-0019;m278273-0020;m278273-0021;m278273-0022;m278273-0023;m278273-0024;m278273-0025;m278273-0026;m278273-0027;m278273-0028;m278273-0029;m278273-0030,rolex_images/cards/datejust/m278273.png
m278274,datejust,,m278274-0001;m278274-0002;m278274-0005;m278274-0006;m278274-0007;m278274-0008;m278274-0009;m278274-0010;m278274-0011;m278274-0012;m278274-0013;m278274-0014;m278274-0015;m278274-0016;m278274-0017;m278274-0018;m278274-0019;m278274-0020;m278274-0021;m278274-0022;m278274-0023;m278274-0024;m278274-0025;m278274-0026;m278274-0027;m278274-0028;m278274-0029;m278274-0030;m278274-0031;m278274-0032;m278274-0033;m278274-0034,rolex_images/cards/datejust/m278274.png
m278275,datejust,,m278275-0009;m278275-0010;m278275-0019;m278275-0025;m278275-0027;m278275-0029;m278275-0031;m278275-0033;m278275-0035;m278275-0037;m278275-0039,rolex_images/cards/datejust/m278275.png
m278278,datejust,,m278278-0009;m278278-0010;m278278-0011;m278278-0020;m278278-0028;m278278-0030;m278278-0032;m278278-0034;m278278-0036;m278278-0038;m278278-0040;m278278-0049,rolex_images/cards/datejust/m278278.png
m278285rbr,datejust,,m278285rbr-0005;m278285rbr-0006;m278285rbr-0008;m278285rbr-0016;m278285rbr-0018;m278285rbr-0021;m278285rbr-0023;m278285rbr-0025;m278285rbr-0027;m278285rbr-0029;m278285rbr-0030,rolex_images/cards/datejust/m278285rbr.png
m278288rbr,datejust,,m278288rbr-0005;m278288rbr-0006;m278288rbr-0007;m278288rbr-0009;m278288rbr-0020;m278288rbr-0022;m278288rbr-0024;m278288rbr-0026;m278288rbr-0028;m278288rbr-0030;m278288rbr-0032;m278288rbr-0041,rolex_images/cards/datejust/m278288rbr.png
m278289rbr,datejust,,m278289rbr-0005;m278289rbr-0006;m278289rbr-0007;m278289rbr-0011;m278289rbr-0012;m278289rbr-0013;m278289rbr-0014;m278289rbr-0015;m278289rbr-0016;m278289rbr-0017;m278289rbr-0018;m278289rbr-0019;m278289rbr-0020;m278289rbr-0021;m278289rbr-0022;m278289rbr-0023;m278289rbr-0028,rolex_images/cards/datejust/m278289rbr.png
m278341rbr,datejust,,m278341rbr-0001;m278341rbr-0002;m278341rbr-0003;m278341rbr-0004;m278341rbr-0005;m278341rbr-0006;m278341rbr-0009;m278341rbr-0010;m278341rbr-0015;m278341rbr-0016;m278341rbr-0017;m278341rbr-0018;m278341rbr-0019;m278341rbr-0020;m278341rbr-0023;m278341rbr-0024;m278341rbr-0025;m278341rbr-0026;m278341rbr-0027;m278341rbr-0028;m278341rbr-0029;m278341rbr-0030,rolex_images/cards/datejust/m278341rbr.png
m278343rbr,datejust,,m278343rbr-0001;m278343rbr-0002;m278343rbr-0003;m278343rbr-0004;m278343rbr-0013;m278343rbr-0014;m278343rbr-0015;m278343rbr-0016;m278343rbr-0017;m278343rbr-0018;m278343rbr-0019;m278343rbr-0020;m278343rbr-0021;m278343rbr-0022;m278343rbr-0023;m278343rbr-0024;m278343rbr-0025;m278343rbr-0026;m278343rbr-0027;m278343rbr-0028;m278343rbr-0029;m278343rbr-0030,rolex_images/cards/datejust/m278343rbr.png
m278344rbr,datejust,,m278344rbr-0001;m278344rbr-0002;m278344rbr-0005;m278344rbr-0006;m278344rbr-0007;m278344rbr-0008;m278344rbr-0011;m278344rbr-0012;m278344rbr-0013;m278344rbr-0014;m278344rbr-0015;m278344rbr-0016;m278344rbr-0017;m278344rbr-0018;m278344rbr-0019;m278344rbr-0020;m278344rbr-0021;m278344rbr-0022;m278344rbr-0023;m278344rbr-0024;m278344rbr-0025;m278344rbr-0026;m278344rbr-0027;m278344rbr-0028;m278344rbr-0029;m278344rbr-0030;m278344rbr-0031;m278344rbr-0032;m278344rbr-0033;m278344rbr-0034;m278344rbr-0035;m278344rbr-0036,rolex_images/cards/datejust/m278344rbr.png
m278381rbr,datejust,,m278381rbr-0001;m278381rbr-0002;m278381rbr-0003;m278381rbr-0004;m278381rbr-0005;m278381rbr-0006;m278381rbr-0009;m278381rbr-0010;m278381rbr-0015;m278381rbr-0016;m278381rbr-0017;m278381rbr-0018;m278381rbr-0019;m278381rbr-0020;m278381rbr-0023;m278381rbr-0024;m278381rbr-0025;m278381rbr-0026;m278381rbr-0027;m278381rbr-0028;m278381rbr-0029;m278381rbr-0030,rolex_images/cards/datejust/m278381rbr.png
m278383rbr,datejust,,m278383rbr-0001;m278383rbr-0002;m278383rbr-0003;m278383rbr-0004;m278383rbr-0013;m278383rbr-0014;m278383rbr-0015;m278383rbr-0016;m278383rbr-0017;m278383rbr-0018;m278383rbr-0019;m278383rbr-0020;m278383rbr-0021;m278383rbr-0022;m278383rbr-0023;m278383rbr-0024;m278383rbr-0025;m278383rbr-0026;m278383rbr-0027;m278383rbr-0028;m278383rbr-0029;m278383rbr-0030,rolex_images/cards/datejust/m278383rbr.png
m278384rbr,datejust,,m278384rbr-0001;m278384rbr-0002;m278384rbr-0007;m278384rbr-0008;m278384rbr-0009;m278384rbr-0010;m278384rbr-0013;m278384rbr-0014;m278384rbr-0015;m278384rbr-0016;m278384rbr-0017;m278384rbr-0018;m278384rbr-0019;m278384rbr-0020;m278384rbr-0021;m278384rbr-0022;m278384rbr-0023;m278384rbr-0024;m278384rbr-0025;m278384rbr-0026;m278384rbr-0027;m278384rbr-0028;m278384rbr-0029;m278384rbr-0030;m278384rbr-0031;m278384rbr-0032;m278384rbr-0033;m278384rbr-0034;m278384rbr-0035;m278384rbr-0036;m278384rbr-0037;m278384rbr-0038,rolex_images/cards/datejust/m278384rbr.png
m128235,day-date,,m128235-0009;m128235-0029;m128235-0037;m128235-0039;m128235-0041;m128235-0050;m128235-0068;m128235-0070;m128235-0075;m128235-0078;m128235-0085;m128235-0087;m128235-0089,rolex_images/cards/day-date/m128235.png
m128236,day-date,,m128236-0001;m128236-0002;m128236-0003;m128236-0005;m128236-0006;m128236-0009;m128236-0017;m128236-0018;m128236-0020;m128236-0021;m128236-0023;m128236-0024,rolex_images/cards/day-date/m128236.png
m128238,day-date,,m128238-0008;m128238-0011;m128238-0022;m128238-0045;m128238-0051;m128238-0069;m128238-0081;m128238-0088;m128238-0113;m128238-0118;m128238-0123;m128238-0130;m128238-0132,rolex_images/cards/day-date/m128238.png
m128239,day-date,,m128239-0005;m128239-0007;m128239-0019;m128239-0021;m128239-0023;m128239-0059;m128239-0063;m128239-0065;m128239-0069;m128239-0071,rolex_images/cards/day-date/m128239.png
m128345rbr,day-date,,m128345rbr-0009;m128345rbr-0020;m128345rbr-0028;m128345rbr-0030;m128345rbr-0040;m128345rbr-0041;m128345rbr-0042;m128345rbr-0043;m128345rbr-0044;m128345rbr-0045;m128345rbr-0052;m128345rbr-0053;m128345rbr-0068;m128345rbr-0069;m128345rbr-0070;m128345rbr-0071;m128345rbr-0075;m128345rbr-0076;m128345rbr-0077;m128345rbr-0078;m128345rbr-0081;m128345rbr-0082;m128345rbr-0083;m128345rbr-0084;m128345rbr-0085;m128345rbr-0086,rolex_images/cards/day-date/m128345rbr.png
m128348rbr,day-date,,m128348rbr-0005;m128348rbr-0007;m128348rbr-0008;m128348rbr-0010;m128348rbr-0017;m128348rbr-0019;m128348rbr-0026;m128348rbr-0027;m128348rbr-0030;m128348rbr-0031;m128348rbr-0035;m128348rbr-0036;m128348rbr-0047;m128348rbr-0048;m128348rbr-0049;m128348rbr-0050;m128348rbr-0064;m128348rbr-0065;m128348rbr-0068;m128348rbr-0069;m128348rbr-0070;m128348rbr-0071;m128348rbr-0078;m128348rbr-0079;m128348rbr-0080;m128348rbr-0081,rolex_images/cards/day-date/m128348rbr.png
m128349rbr,day-date,,m128349rbr-0012;m128349rbr-0013;m128349rbr-0014;m128349rbr-0016;m128349rbr-0017;m128349rbr-0044;m128349rbr-0048;m128349rbr-0050;m128349rbr-0052;m128349rbr-0054;m128349rbr-0079;m128349rbr-0080;m128349rbr-0081;m128349rbr-0082;m128349rbr-0083;m128349rbr-0084;m128349rbr-0085;m128349rbr-0086;m128349rbr-0087;m128349rbr-0088,rolex_images/cards/day-date/m128349rbr.png
m128395tbr,day-date,,m128395tbr-0002;m128395tbr-0004;m128395tbr-0006;m128395tbr-0008;m128395tbr-0010;m128395tbr-0012;m128395tbr-0020;m128395tbr-0022;m128395tbr-0024;m128395tbr-0026;m128395tbr-0030;m128395tbr-0032;m128395tbr-0033,rolex_images/cards/day-date/m128395tbr.png
m128396tbr,day-date,,m128396tbr-0003;m128396tbr-0004;m128396tbr-0005;m128396tbr-0006;m128396tbr-0008;m128396tbr-0009;m128396tbr-0018;m128396tbr-0019;m128396tbr-0021;m128396tbr-0022;m128396tbr-0024;m128396tbr-0025,rolex_images/cards/day-date/m128396tbr.png
m128398tbr,day-date,,m128398tbr-0002;m128398tbr-0004;m128398tbr-0006;m128398tbr-0008;m128398tbr-0010;m128398tbr-0012;m128398tbr-0016;m128398tbr-0018;m128398tbr-0026;m128398tbr-0028;m128398tbr-0030;m128398tbr-0035;m128398tbr-0037,rolex_images/cards/day-date/m128398tbr.png
m128399tbr,day-date,,m128399tbr-0001;m128399tbr-0003;m128399tbr-0005;m128399tbr-0007;m128399tbr-0009;m128399tbr-0019;m128399tbr-0021;m128399tbr-0023;m128399tbr-0027;m128399tbr-0029,rolex_images/cards/day-date/m128399tbr.png
m228235,day-date,,m228235-0001;m228235-0002;m228235-0003;m228235-0004;m228235-0025;m228235-0032;m228235-0036;m228235-0045;m228235-0053;m228235-0055;m228235-0056,rolex_images/cards/day-date/m228235.png
m228235jg,day-date,,m228235jg-0002;m228235jg-0003,rolex_images/cards/day-date/m228235jg.png
m228236,day-date,,m228236-0002;m228236-0003;m228236-0004;m228236-0006;m228236-0007;m228236-0008;m228236-0009;m228236-0010;m228236-0011;m228236-0012;m228236-0013;m228236-0018;m228236-0024;m228236-0026,rolex_images/cards/day-date/m228236.png
m228238,day-date,,m228238-0002;m228238-0003;m228238-0004;m228238-0005;m228238-0006;m228238-0042;m228238-0054;m228238-0059;m228238-0061;m228238-0066;m228238-0067;m228238-0069;m228238-0071,rolex_images/cards/day-date/m228238.png
m228239,day-date,,m228239-0003;m228239-0004;m228239-0005;m228239-0007;m228239-0033;m228239-0046;m228239-0049;m228239-0055;m228239-0060;m228239-0076;m228239-0078,rolex_images/cards/day-date/m228239.png
m228345rbr,day-date,,m228345rbr-0002;m228345rbr-0006;m228345rbr-0007;m228345rbr-0008;m228345rbr-0009;m228345rbr-0011;m228345rbr-0012;m228345rbr-0016;m228345rbr-0024;m228345rbr-0025;m228345rbr-0026,rolex_images/cards/day-date/m228345rbr.png
m228348rbr,day-date,,m228348rbr-0001;m228348rbr-0002;m228348rbr-0003;m228348rbr-0007;m228348rbr-0008;m228348rbr-0034;m228348rbr-0037;m228348rbr-0039;m228348rbr-0040;m228348rbr-0042;m228348rbr-0043;m228348rbr-0045;m228348rbr-0046,rolex_images/cards/day-date/m228348rbr.png
m228349rbr,day-date,,m228349rbr-0001;m228349rbr-0002;m228349rbr-0003;m228349rbr-0005;m228349rbr-0030;m228349rbr-0036;m228349rbr-0039;m228349rbr-0040;m228349rbr-0041;m228349rbr-0045;m228349rbr-0046,rolex_images/cards/day-date/m228349rbr.png
m228396tbr,day-date,,m228396tbr-0002;m228396tbr-0011;m228396tbr-0012;m228396tbr-0018;m228396tbr-0020;m228396tbr-0021;m228396tbr-0024;m228396tbr-0026;m228396tbr-0027;m228396tbr-0030;m228396tbr-0031;m228396tbr-0039;m228396tbr-0042;m228396tbr-0043,rolex_images/cards/day-date/m228396tbr.png
m228398tbr,day-date,,m228398tbr-0001;m228398tbr-0002;m228398tbr-0003;m228398tbr-0006;m228398tbr-0007;m228398tbr-0033;m228398tbr-0036;m228398tbr-0038;m228398tbr-0039;m228398tbr-0040;m228398tbr-0041;m228398tbr-0042;m228398tbr-0043,rolex_images/cards/day-date/m228398tbr.png
m126067,deepsea,,m126067-0002,rolex_images/cards/deepsea/m126067.png
m136660,deepsea,,m136660-0005;m136660-0006,rolex_images/cards/deepsea/m136660.png
m136668lb,deepsea,,m136668lb-0001,rolex_images/cards/deepsea/m136668lb.png
m124270,explorer,,m124270-0001,rolex_images/cards/explorer/m124270.png
m124273,explorer,,m124273-0001,rolex_images/cards/explorer/m124273.png
m224270,explorer,,m224270-0001,rolex_images/cards/explorer/m224270.png
m226570,explorer-ii,,m226570-0001;m226570-0002,rolex_images/cards/explorer-ii/m226570.png
man,find-rolex,,man,
m126710blnr,gmt-master-ii,,m126710blnr-0002;m126710blnr-0003,rolex_images/cards/gmt-master-ii/m126710blnr.png
m126710grnr,gmt-master-ii,,m126710grnr-0003;m126710grnr-0004,rolex_images/cards/gmt-master-ii/m126710grnr.png
m126711chnr,gmt-master-ii,,m126711chnr-0002,rolex_images/cards/gmt-master-ii/m126711chnr.png
m126713grnr,gmt-master-ii,,m126713grnr-0001,rolex_images/cards/gmt-master-ii/m126713grnr.png
m126715chnr,gmt-master-ii,,m126715chnr-0001;m126715chnr-0002,rolex_images/cards/gmt-master-ii/m126715chnr.png
m126718grnr,gmt-master-ii,,m126718grnr-0001;m126718grnr-0002,rolex_images/cards/gmt-master-ii/m126718grnr.png
m126720vtnr,gmt-master-ii,,m126720vtnr-0001;m126720vtnr-0002,rolex_images/cards/gmt-master-ii/m126720vtnr.png
m126729vtnr,gmt-master-ii,,m126729vtnr-0001,rolex_images/cards/gmt-master-ii/m126729vtnr.png
m279135rbr,lady-datejust,,m279135rbr-0001;m279135rbr-0002;m279135rbr-0005;m279135rbr-0008;m279135rbr-0010;m279135rbr-0011;m279135rbr-0012;m279135rbr-0014;m279135rbr-0015;m279135rbr-0016;m279135rbr-0017;m279135rbr-0018;m279135rbr-0019;m279135rbr-0020;m279135rbr-0021;m279135rbr-0022;m279135rbr-0023;m279135rbr-0024;m279135rbr-0025;m279135rbr-0026;m279135rbr-0027;m279135rbr-0028;m279135rbr-0029;m279135rbr-0030,rolex_images/cards/lady-datejust/m279135rbr.png
m279138rbr,lady-datejust,,m279138rbr-0001;m279138rbr-0002;m279138rbr-0005;m279138rbr-0006;m279138rbr-0007;m279138rbr-0012;m279138rbr-0013;m279138rbr-0014;m279138rbr-0015;m279138rbr-0016;m279138rbr-0017;m279138rbr-0018;m279138rbr-0019;m279138rbr-0020;m279138rbr-0021;m279138rbr-0022;m279138rbr-0023;m279138rbr-0024;m279138rbr-0029;m279138rbr-0030;m279138rbr-0031;m279138rbr-0032,rolex_images/cards/lady-datejust/m279138rbr.png
m279139rbr,lady-datejust,,m279139rbr-0002;m279139rbr-0003;m279139rbr-0004;m279139rbr-0005;m279139rbr-0006;m279139rbr-0007;m279139rbr-0008;m279139rbr-0009;m279139rbr-0010;m279139rbr-0011;m279139rbr-0012;m279139rbr-0013;m279139rbr-0014,rolex_images/cards/lady-datejust/m279139rbr.png
m279160,lady-datejust,,m279160-0001;m279160-0002;m279160-0005;m279160-0006;m279160-0007;m279160-0008;m279160-0009;m279160-0010;m279160-0011;m279160-0012;m279160-0013;m279160-0014;m279160-0015;m279160-0016,rolex_images/cards/lady-datejust/m279160.png
m279161,lady-datejust,,m279161-0003;m279161-0004;m279161-0007;m279161-0008;m279161-0009;m279161-0010;m279161-0011;m279161-0012;m279161-0013;m279161-0014;m279161-0015;m279161-0016;m279161-0017;m279161-0018;m279161-0021;m279161-0022;m279161-0023;m279161-0024;m279161-0025;m279161-0026;m279161-0027;m279161-0028,rolex_images/cards/lady-datejust/m279161.png
m279163,lady-datejust,,m279163-0001;m279163-0002;m279163-0003;m279163-0004;m279163-0005;m279163-0006;m279163-0007;m279163-0008;m279163-0009;m279163-0010;m279163-0011;m279163-0012;m279163-0013;m279163-0014;m279163-0019;m279163-0020;m279163-0021;m279163-0022;m279163-0023;m279163-0024,rolex_images/cards/lady-datejust/m279163.png
m279171,lady-datejust,,m279171-0003;m279171-0004;m279171-0007;m279171-0008;m279171-0009;m279171-0010;m279171-0011;m279171-0012;m279171-0013;m279171-0014;m279171-0015;m279171-0016;m279171-0017;m279171-0018;m279171-0021;m279171-0022;m279171-0023;m279171-0024;m279171-0025;m279171-0026;m279171-0027;m279171-0028,rolex_images/cards/lady-datejust/m279171.png
m279173,lady-datejust,,m279173-0001;m279173-0002;m279173-0003;m279173-0004;m279173-0005;m279173-0006;m279173-0007;m279173-0008;m279173-0009;m279173-0010;m279173-0011;m279173-0012;m279173-0013;m279173-0014;m279173-0019;m279173-0020;m279173-0021;m279173-0022;m279173-0023;m279173-0024,rolex_images/cards/lady-datejust/m279173.png
m279174,lady-datejust,,m279174-0001;m279174-0002;m279174-0003;m279174-0004;m279174-0005;m279174-0006;m279174-0007;m279174-0008;m279174-0009;m279174-0010;m279174-0011;m279174-0012;m279174-0013;m279174-0014;m279174-0015;m279174-0016;m279174-0017;m279174-0018;m279174-0019;m279174-0020;m279174-0021;m279174-0022,rolex_images/cards/lady-datejust/m279174.png
m279175,lady-datejust,,m279175-0002;m279175-0004;m279175-0007;m279175-0008;m279175-0009;m279175-0010;m279175-0013;m279175-0014;m279175-0015;m279175-0016;m279175-0017;m279175-0018;m279175-0019;m279175-0020;m279175-0021;m279175-0022;m279175-0023;m279175-0024;m279175-0025;m279175-0026;m279175-0027;m279175-0028;m279175-0029;m279175-0030,rolex_images/cards/lady-datejust/m279175.png
m279178,lady-datejust,,m279178-0001;m279178-0002;m279178-0003;m279178-0004;m279178-0005;m279178-0006;m279178-0013;m279178-0014;m279178-0015;m279178-0016;m279178-0017;m279178-0020;m279178-0021;m279178-0022;m279178-0023;m279178-0024;m279178-0025;m279178-0026;m279178-0029;m279178-0030;m279178-0031;m279178-0032,rolex_images/cards/lady-datejust/m279178.png
m279381rbr,lady-datejust,,m279381rbr-0003;m279381rbr-0004;m279381rbr-0007;m279381rbr-0008;m279381rbr-0009;m279381rbr-0010;m279381rbr-0011;m279381rbr-0012;m279381rbr-0013;m279381rbr-0014;m279381rbr-0015;m279381rbr-0016;m279381rbr-0017;m279381rbr-0018;m279381rbr-0021;m279381rbr-0022;m279381rbr-0023;m279381rbr-0024;m279381rbr-0025;m279381rbr-0026;m279381rbr-0027;m279381rbr-0028,rolex_images/cards/lady-datejust/m279381rbr.png
m279383rbr,lady-datejust,,m279383rbr-0001;m279383rbr-0002;m279383rbr-0003;m279383rbr-0004;m279383rbr-0005;m279383rbr-0006;m279383rbr-0007;m279383rbr-0008;m279383rbr-0009;m279383rbr-0010;m279383rbr-0011;m279383rbr-0012;m279383rbr-0017;m279383rbr-0018;m279383rbr-0019;m279383rbr-0020;m279383rbr-0021;m279383rbr-0022;m279383rbr-0023;m279383rbr-0024,rolex_images/cards/lady-datejust/m279383rbr.png
m279384rbr,lady-datejust,,m279384rbr-0001;m279384rbr-0002;m279384rbr-0003;m279384rbr-0004;m279384rbr-0005;m279384rbr-0006;m279384rbr-0007;m279384rbr-0008;m279384rbr-0009;m279384rbr-0010;m279384rbr-0011;m279384rbr-0012;m279384rbr-0013;m279384rbr-0014;m279384rbr-0015;m279384rbr-0016;m279384rbr-0017;m279384rbr-0018;m279384rbr-0019;m279384rbr-0020;m279384rbr-0021;m279384rbr-0022,rolex_images/cards/lady-datejust/m279384rbr.png
m279458rbr,lady-datejust,,m279458rbr-0001,rolex_images/cards/lady-datejust/m279458rbr.png
m279459rbr,lady-datejust,,m279459rbr-0001,rolex_images/cards/lady-datejust/m279459rbr.png
m127234,land-dweller,,m127234-0001,rolex_images/cards/land-dweller/m127234.png
m127235,land-dweller,,m127235-0001,rolex_images/cards/land-dweller/m127235.png
m127236,land-dweller,,m127236-0001,rolex_images/cards/land-dweller/m127236.png
m127285tbr,land-dweller,,m127285tbr-0002,rolex_images/cards/land-dweller/m127285tbr.png
m127286tbr,land-dweller,,m127286tbr-0001,rolex_images/cards/land-dweller/m127286tbr.png
m127334,land-dweller,,m127334-0001,rolex_images/cards/land-dweller/m127334.png
m127335,land-dweller,,m127335-0001,rolex_images/cards/land-dweller/m127335.png
m127336,land-dweller,,m127336-0001,rolex_images/cards/land-dweller/m127336.png
m127385tbr,land-dweller,,m127385tbr-0003,rolex_images/cards/land-dweller/m127385tbr.png
m127386tbr,land-dweller,,m127386tbr-0001,rolex_images/cards/land-dweller/m127386tbr.png
m124200,oyster-perpetual,,m124200-0001;m124200-0006;m124200-0007;m124200-0008;m124200-0009;m124200-0010;m124200-0011,rolex_images/cards/oyster-perpetual/m124200.png
m124205,oyster-perpetual,,m124205-0001;m124205-0002,rolex_images/cards/oyster-perpetual/m124205.png
m124208,oyster-perpetual,,m124208-0001;m124208-0002,rolex_images/cards/oyster-perpetual/m124208.png
m124245rbr,oyster-perpetual,,m124245rbr-0001;m124245rbr-0002,rolex_images/cards/oyster-perpetual/m124245rbr.png
m124248rbr,oyster-perpetual,,m124248rbr-0001;m124248rbr-0002,rolex_images/cards/oyster-perpetual/m124248rbr.png
m126000,oyster-perpetual,,m126000-0001;m126000-0005;m126000-0006;m126000-0008;m126000-0011;m126000-0012;m126000-0013;m126000-0014;m126000-0015;m126000-0016,rolex_images/cards/oyster-perpetual/m126000.png
m126003,oyster-perpetual,,m126003-0001,rolex_images/cards/oyster-perpetual/m126003.png
m134300,oyster-perpetual,,m134300-0001;m134300-0004;m134300-0006;m134300-0007;m134300-0008;m134300-0009;m134300-0010;m134300-0012;m134300-0013,rolex_images/cards/oyster-perpetual/m134300.png
m134303,oyster-perpetual,,m134303-0001,rolex_images/cards/oyster-perpetual/m134303.png
m276200,oyster-perpetual,,m276200-0001;m276200-0006;m276200-0007;m276200-0008;m276200-0009;m276200-0010;m276200-0011,rolex_images/cards/oyster-perpetual/m276200.png
m276205,oyster-perpetual,,m276205-0001;m276205-0002,rolex_images/cards/oyster-perpetual/m276205.png
m276208,oyster-perpetual,,m276208-0001;m276208-0002,rolex_images/cards/oyster-perpetual/m276208.png
m276245rbr,oyster-perpetual,,m276245rbr-0001;m276245rbr-0002,rolex_images/cards/oyster-perpetual/m276245rbr.png
m276248rbr,oyster-perpetual,,m276248rbr-0001;m276248rbr-0002,rolex_images/cards/oyster-perpetual/m276248rbr.png
m277200,oyster-perpetual,,m277200-0001;m277200-0006;m277200-0007;m277200-0009;m277200-0012;m277200-0013;m277200-0014;m277200-0016;m277200-0017;m277200-0019,rolex_images/cards/oyster-perpetual/m277200.png
m277203,oyster-perpetual,,m277203-0001,rolex_images/cards/oyster-perpetual/m277203.png
m126600,sea-dweller,,m126600-0002,rolex_images/cards/sea-dweller/m126600.png
m126603,sea-dweller,,m126603-0001,rolex_images/cards/sea-dweller/m126603.png
m336235,sky-dweller,,m336235-0002;m336235-0003;m336235-0004,rolex_images/cards/sky-dweller/m336235.png
m336238,sky-dweller,,m336238-0001;m336238-0002;m336238-0003;m336238-0004,rolex_images/cards/sky-dweller/m336238.png
m336239,sky-dweller,,m336239-0002;m336239-0003,rolex_images/cards/sky-dweller/m336239.png
m336933,sky-dweller,,m336933-0001;m336933-0002;m336933-0003;m336933-0004;m336933-0005;m336933-0006,rolex_images/cards/sky-dweller/m336933.png
m336934,sky-dweller,,m336934-0001;m336934-0002;m336934-0003;m336934-0004;m336934-0005;m336934-0006;m336934-0007;m336934-0008,rolex_images/cards/sky-dweller/m336934.png
m336935,sky-dweller,,m336935-0001;m336935-0002;m336935-0003;m336935-0004;m336935-0005;m336935-0006;m336935-0007;m336935-0008,rolex_images/cards/sky-dweller/m336935.png
m336938,sky-dweller,,m336938-0001;m336938-0002;m336938-0003;m336938-0004;m336938-0005;m336938-0006;m336938-0007;m336938-0008,rolex_images/cards/sky-dweller/m336938.png
m124060,submariner,,m124060-0001,rolex_images/cards/submariner/m124060.png
m126610ln,submariner,,m126610ln-0001,rolex_images/cards/submariner/m126610ln.png
m126610lv,submariner,,m126610lv-0002,rolex_images/cards/submariner/m126610lv.png
m126613lb,submariner,,m126613lb-0002,rolex_images/cards/submariner/m126613lb.png
m126613ln,submariner,,m126613ln-0002,rolex_images/cards/submariner/m126613ln.png
m126618lb,submariner,,m126618lb-0002,rolex_images/cards/submariner/m126618lb.png
m126618ln,submariner,,m126618ln-0002,rolex_images/cards/submariner/m126618ln.png
m126621,yacht-master,,m126621-0001;m126621-0002,rolex_images/cards/yacht-master/m126621.png
m126622,yacht-master,,m126622-0001;m126622-0002,rolex_images/cards/yacht-master/m126622.png
m126655,yacht-master,,m126655-0002,rolex_images/cards/yacht-master/m126655.png
m226627,yacht-master,,m226627-0001,rolex_images/cards/yacht-master/m226627.png
m226658,yacht-master,,m226658-0001,rolex_images/cards/yacht-master/m226658.png
m226659,yacht-master,,m226659-0002,rolex_images/cards/yacht-master/m226659.png
m268621,yacht-master,,m268621-0003;m268621-0004,rolex_images/cards/yacht-master/m268621.png
m268622,yacht-master,,m268622-0002,rolex_images/cards/yacht-master/m268622.png
m268655,yacht-master,,m268655-0017,rolex_images/cards/yacht-master/m268655.png
m126680,yacht-master-ii,,m126680-0001,rolex_images/cards/yacht-master-ii/m126680.png
m126688,yacht-master-ii,,m126688-0001,rolex_images/cards/yacht-master-ii/m126688.png
